[
{
  "model": "admin.logentry",
  "pk": 1,
  "fields": {
    "action_time": "2020-09-20T15:01:23.591Z",
    "user": 1,
    "content_type": 18,
    "object_id": "1",
    "object_repr": "1500 Fitcoins",
    "action_flag": 1,
    "change_message": "[{\"added\": {}}]"
  }
},
{
  "model": "admin.logentry",
  "pk": 2,
  "fields": {
    "action_time": "2020-09-20T15:01:26.411Z",
    "user": 1,
    "content_type": 18,
    "object_id": "2",
    "object_repr": "3500 Fitcoins",
    "action_flag": 1,
    "change_message": "[{\"added\": {}}]"
  }
},
{
  "model": "admin.logentry",
  "pk": 3,
  "fields": {
    "action_time": "2020-09-20T15:01:31.503Z",
    "user": 1,
    "content_type": 18,
    "object_id": "3",
    "object_repr": "5000 Fitcoins",
    "action_flag": 1,
    "change_message": "[{\"added\": {}}]"
  }
},
{
  "model": "admin.logentry",
  "pk": 4,
  "fields": {
    "action_time": "2020-09-20T15:01:37.242Z",
    "user": 1,
    "content_type": 18,
    "object_id": "4",
    "object_repr": "10000 Fitcoins",
    "action_flag": 1,
    "change_message": "[{\"added\": {}}]"
  }
},
{
  "model": "admin.logentry",
  "pk": 5,
  "fields": {
    "action_time": "2020-09-20T15:01:51.480Z",
    "user": 1,
    "content_type": 16,
    "object_id": "1",
    "object_repr": "demoadmin: 0",
    "action_flag": 1,
    "change_message": "[{\"added\": {}}]"
  }
},
{
  "model": "admin.logentry",
  "pk": 6,
  "fields": {
    "action_time": "2020-09-20T21:11:06.110Z",
    "user": 1,
    "content_type": 8,
    "object_id": "1",
    "object_repr": "UserInfo object (1)",
    "action_flag": 1,
    "change_message": "[{\"added\": {}}]"
  }
},
{
  "model": "admin.logentry",
  "pk": 7,
  "fields": {
    "action_time": "2020-09-20T21:13:34.477Z",
    "user": 1,
    "content_type": 8,
    "object_id": "1",
    "object_repr": "demoadmin's info",
    "action_flag": 2,
    "change_message": "[{\"changed\": {\"fields\": [\"BirthYear\"]}}]"
  }
},
{
  "model": "admin.logentry",
  "pk": 8,
  "fields": {
    "action_time": "2020-09-20T21:14:07.209Z",
    "user": 1,
    "content_type": 8,
    "object_id": "1",
    "object_repr": "demoadmin's info",
    "action_flag": 2,
    "change_message": "[{\"changed\": {\"fields\": [\"BirthYear\"]}}]"
  }
},
{
  "model": "admin.logentry",
  "pk": 9,
  "fields": {
    "action_time": "2020-09-20T21:14:12.755Z",
    "user": 1,
    "content_type": 8,
    "object_id": "1",
    "object_repr": "demoadmin's info",
    "action_flag": 2,
    "change_message": "[{\"changed\": {\"fields\": [\"BirthYear\"]}}]"
  }
},
{
  "model": "admin.logentry",
  "pk": 10,
  "fields": {
    "action_time": "2020-09-20T21:15:24.142Z",
    "user": 1,
    "content_type": 8,
    "object_id": "1",
    "object_repr": "demoadmin's info",
    "action_flag": 2,
    "change_message": "[{\"changed\": {\"fields\": [\"Age\"]}}]"
  }
},
{
  "model": "admin.logentry",
  "pk": 11,
  "fields": {
    "action_time": "2020-09-20T21:42:35.427Z",
    "user": 1,
    "content_type": 9,
    "object_id": "1",
    "object_repr": "Category object (1)",
    "action_flag": 1,
    "change_message": "[{\"added\": {}}]"
  }
},
{
  "model": "admin.logentry",
  "pk": 12,
  "fields": {
    "action_time": "2020-09-20T21:42:42.630Z",
    "user": 1,
    "content_type": 9,
    "object_id": "2",
    "object_repr": "Category object (2)",
    "action_flag": 1,
    "change_message": "[{\"added\": {}}]"
  }
},
{
  "model": "admin.logentry",
  "pk": 13,
  "fields": {
    "action_time": "2020-09-20T21:42:48.457Z",
    "user": 1,
    "content_type": 9,
    "object_id": "3",
    "object_repr": "Category object (3)",
    "action_flag": 1,
    "change_message": "[{\"added\": {}}]"
  }
},
{
  "model": "admin.logentry",
  "pk": 14,
  "fields": {
    "action_time": "2020-09-20T21:42:55.424Z",
    "user": 1,
    "content_type": 9,
    "object_id": "4",
    "object_repr": "Category object (4)",
    "action_flag": 1,
    "change_message": "[{\"added\": {}}]"
  }
},
{
  "model": "admin.logentry",
  "pk": 15,
  "fields": {
    "action_time": "2020-09-20T21:43:56.842Z",
    "user": 1,
    "content_type": 12,
    "object_id": "1",
    "object_repr": "Equipment object (1)",
    "action_flag": 1,
    "change_message": "[{\"added\": {}}]"
  }
},
{
  "model": "admin.logentry",
  "pk": 16,
  "fields": {
    "action_time": "2020-09-20T21:51:47.238Z",
    "user": 1,
    "content_type": 13,
    "object_id": "1",
    "object_repr": "demoadmin's exercise: Pushups",
    "action_flag": 1,
    "change_message": "[{\"added\": {}}]"
  }
},
{
  "model": "admin.logentry",
  "pk": 17,
  "fields": {
    "action_time": "2020-09-20T21:51:52.853Z",
    "user": 1,
    "content_type": 13,
    "object_id": "1",
    "object_repr": "demoadmin's exercise: Pushups",
    "action_flag": 2,
    "change_message": "[]"
  }
},
{
  "model": "admin.logentry",
  "pk": 18,
  "fields": {
    "action_time": "2020-09-20T21:52:41.549Z",
    "user": 1,
    "content_type": 10,
    "object_id": "1",
    "object_repr": "demoadmin: Covid Home Workout",
    "action_flag": 1,
    "change_message": "[{\"added\": {}}]"
  }
},
{
  "model": "admin.logentry",
  "pk": 19,
  "fields": {
    "action_time": "2020-09-29T19:17:22.719Z",
    "user": 1,
    "content_type": 13,
    "object_id": "2",
    "object_repr": "demoadmin's exercise: Situps",
    "action_flag": 1,
    "change_message": "[{\"added\": {}}]"
  }
},
{
  "model": "admin.logentry",
  "pk": 20,
  "fields": {
    "action_time": "2020-09-29T19:23:41.350Z",
    "user": 1,
    "content_type": 13,
    "object_id": "3",
    "object_repr": "demoadmin's exercise: Pullups",
    "action_flag": 1,
    "change_message": "[{\"added\": {}}]"
  }
},
{
  "model": "admin.logentry",
  "pk": 21,
  "fields": {
    "action_time": "2020-09-29T19:30:19.250Z",
    "user": 1,
    "content_type": 21,
    "object_id": "1",
    "object_repr": "MuscleGroup object (1)",
    "action_flag": 1,
    "change_message": "[{\"added\": {}}]"
  }
},
{
  "model": "admin.logentry",
  "pk": 22,
  "fields": {
    "action_time": "2020-09-29T19:30:25.573Z",
    "user": 1,
    "content_type": 21,
    "object_id": "2",
    "object_repr": "MuscleGroup object (2)",
    "action_flag": 1,
    "change_message": "[{\"added\": {}}]"
  }
},
{
  "model": "admin.logentry",
  "pk": 23,
  "fields": {
    "action_time": "2020-09-29T19:30:28.746Z",
    "user": 1,
    "content_type": 21,
    "object_id": "3",
    "object_repr": "MuscleGroup object (3)",
    "action_flag": 1,
    "change_message": "[{\"added\": {}}]"
  }
},
{
  "model": "admin.logentry",
  "pk": 24,
  "fields": {
    "action_time": "2020-09-29T19:30:34.126Z",
    "user": 1,
    "content_type": 21,
    "object_id": "4",
    "object_repr": "MuscleGroup object (4)",
    "action_flag": 1,
    "change_message": "[{\"added\": {}}]"
  }
},
{
  "model": "admin.logentry",
  "pk": 25,
  "fields": {
    "action_time": "2020-09-29T19:30:39.499Z",
    "user": 1,
    "content_type": 21,
    "object_id": "5",
    "object_repr": "MuscleGroup object (5)",
    "action_flag": 1,
    "change_message": "[{\"added\": {}}]"
  }
},
{
  "model": "admin.logentry",
  "pk": 26,
  "fields": {
    "action_time": "2020-09-29T19:30:42.261Z",
    "user": 1,
    "content_type": 21,
    "object_id": "6",
    "object_repr": "MuscleGroup object (6)",
    "action_flag": 1,
    "change_message": "[{\"added\": {}}]"
  }
},
{
  "model": "admin.logentry",
  "pk": 27,
  "fields": {
    "action_time": "2020-09-29T19:30:46.258Z",
    "user": 1,
    "content_type": 21,
    "object_id": "7",
    "object_repr": "MuscleGroup object (7)",
    "action_flag": 1,
    "change_message": "[{\"added\": {}}]"
  }
},
{
  "model": "admin.logentry",
  "pk": 28,
  "fields": {
    "action_time": "2020-09-29T19:30:53.152Z",
    "user": 1,
    "content_type": 21,
    "object_id": "8",
    "object_repr": "MuscleGroup object (8)",
    "action_flag": 1,
    "change_message": "[{\"added\": {}}]"
  }
},
{
  "model": "admin.logentry",
  "pk": 29,
  "fields": {
    "action_time": "2020-09-29T19:31:05.961Z",
    "user": 1,
    "content_type": 21,
    "object_id": "9",
    "object_repr": "MuscleGroup object (9)",
    "action_flag": 1,
    "change_message": "[{\"added\": {}}]"
  }
},
{
  "model": "admin.logentry",
  "pk": 30,
  "fields": {
    "action_time": "2020-09-29T19:32:12.233Z",
    "user": 1,
    "content_type": 21,
    "object_id": "10",
    "object_repr": "Back & Biceps",
    "action_flag": 1,
    "change_message": "[{\"added\": {}}]"
  }
},
{
  "model": "admin.logentry",
  "pk": 31,
  "fields": {
    "action_time": "2020-09-29T19:32:17.948Z",
    "user": 1,
    "content_type": 21,
    "object_id": "11",
    "object_repr": "Chest & Triceps",
    "action_flag": 1,
    "change_message": "[{\"added\": {}}]"
  }
},
{
  "model": "admin.logentry",
  "pk": 32,
  "fields": {
    "action_time": "2020-09-29T19:32:29.323Z",
    "user": 1,
    "content_type": 13,
    "object_id": "3",
    "object_repr": "demoadmin's exercise: Pullups",
    "action_flag": 2,
    "change_message": "[{\"changed\": {\"fields\": [\"Muscle group\"]}}]"
  }
},
{
  "model": "admin.logentry",
  "pk": 33,
  "fields": {
    "action_time": "2020-09-29T19:32:42.402Z",
    "user": 1,
    "content_type": 21,
    "object_id": "12",
    "object_repr": "Abs",
    "action_flag": 1,
    "change_message": "[{\"added\": {}}]"
  }
},
{
  "model": "admin.logentry",
  "pk": 34,
  "fields": {
    "action_time": "2020-09-29T19:32:45.018Z",
    "user": 1,
    "content_type": 13,
    "object_id": "2",
    "object_repr": "demoadmin's exercise: Situps",
    "action_flag": 2,
    "change_message": "[{\"changed\": {\"fields\": [\"Muscle group\"]}}]"
  }
},
{
  "model": "admin.logentry",
  "pk": 35,
  "fields": {
    "action_time": "2020-09-29T19:32:51.406Z",
    "user": 1,
    "content_type": 13,
    "object_id": "1",
    "object_repr": "demoadmin's exercise: Pushups",
    "action_flag": 2,
    "change_message": "[{\"changed\": {\"fields\": [\"Muscle group\"]}}]"
  }
},
{
  "model": "admin.logentry",
  "pk": 36,
  "fields": {
    "action_time": "2020-09-29T19:57:52.882Z",
    "user": 1,
    "content_type": 4,
    "object_id": "2",
    "object_repr": "System",
    "action_flag": 1,
    "change_message": "[{\"added\": {}}]"
  }
},
{
  "model": "admin.logentry",
  "pk": 37,
  "fields": {
    "action_time": "2020-09-29T19:58:10.739Z",
    "user": 1,
    "content_type": 13,
    "object_id": "3",
    "object_repr": "System's exercise: Pullups",
    "action_flag": 2,
    "change_message": "[{\"changed\": {\"fields\": [\"Creator\"]}}]"
  }
},
{
  "model": "admin.logentry",
  "pk": 38,
  "fields": {
    "action_time": "2020-09-29T19:58:24.745Z",
    "user": 1,
    "content_type": 16,
    "object_id": "2",
    "object_repr": "System: 0",
    "action_flag": 1,
    "change_message": "[{\"added\": {}}]"
  }
},
{
  "model": "admin.logentry",
  "pk": 39,
  "fields": {
    "action_time": "2020-09-29T19:58:57.082Z",
    "user": 1,
    "content_type": 8,
    "object_id": "2",
    "object_repr": "System's info",
    "action_flag": 1,
    "change_message": "[{\"added\": {}}]"
  }
},
{
  "model": "admin.logentry",
  "pk": 40,
  "fields": {
    "action_time": "2020-09-29T20:21:53.795Z",
    "user": 1,
    "content_type": 13,
    "object_id": "2",
    "object_repr": "System's exercise: Situps",
    "action_flag": 2,
    "change_message": "[{\"changed\": {\"fields\": [\"Creator\"]}}]"
  }
},
{
  "model": "admin.logentry",
  "pk": 41,
  "fields": {
    "action_time": "2020-09-29T20:23:37.820Z",
    "user": 1,
    "content_type": 13,
    "object_id": "1",
    "object_repr": "System's exercise: Pushups",
    "action_flag": 2,
    "change_message": "[{\"changed\": {\"fields\": [\"Creator\"]}}]"
  }
},
{
  "model": "admin.logentry",
  "pk": 42,
  "fields": {
    "action_time": "2020-09-29T20:23:41.361Z",
    "user": 1,
    "content_type": 13,
    "object_id": "1",
    "object_repr": "demoadmin's exercise: Pushups",
    "action_flag": 2,
    "change_message": "[{\"changed\": {\"fields\": [\"Creator\"]}}]"
  }
},
{
  "model": "admin.logentry",
  "pk": 43,
  "fields": {
    "action_time": "2020-09-29T20:34:15.286Z",
    "user": 1,
    "content_type": 13,
    "object_id": "4",
    "object_repr": "System's exercise: Bodyweight Squats",
    "action_flag": 1,
    "change_message": "[{\"added\": {}}]"
  }
},
{
  "model": "admin.logentry",
  "pk": 44,
  "fields": {
    "action_time": "2020-09-29T20:47:00.596Z",
    "user": 1,
    "content_type": 13,
    "object_id": "3",
    "object_repr": "System's exercise: Pullups",
    "action_flag": 2,
    "change_message": "[{\"changed\": {\"fields\": [\"Likes\", \"Dislikes\"]}}]"
  }
},
{
  "model": "admin.logentry",
  "pk": 45,
  "fields": {
    "action_time": "2020-09-29T20:47:13.190Z",
    "user": 1,
    "content_type": 13,
    "object_id": "2",
    "object_repr": "System's exercise: Situps",
    "action_flag": 2,
    "change_message": "[{\"changed\": {\"fields\": [\"Likes\", \"Dislikes\"]}}]"
  }
},
{
  "model": "admin.logentry",
  "pk": 46,
  "fields": {
    "action_time": "2020-09-29T20:47:23.476Z",
    "user": 1,
    "content_type": 13,
    "object_id": "1",
    "object_repr": "demoadmin's exercise: Pushups",
    "action_flag": 2,
    "change_message": "[{\"changed\": {\"fields\": [\"Likes\", \"Dislikes\"]}}]"
  }
},
{
  "model": "admin.logentry",
  "pk": 47,
  "fields": {
    "action_time": "2020-10-03T17:53:46.345Z",
    "user": 1,
    "content_type": 13,
    "object_id": "2",
    "object_repr": "System's exercise: Situps",
    "action_flag": 2,
    "change_message": "[{\"changed\": {\"fields\": [\"Muscle group\"]}}]"
  }
},
{
  "model": "admin.logentry",
  "pk": 48,
  "fields": {
    "action_time": "2020-10-03T17:53:57.907Z",
    "user": 1,
    "content_type": 13,
    "object_id": "2",
    "object_repr": "System's exercise: Situps",
    "action_flag": 2,
    "change_message": "[{\"changed\": {\"fields\": [\"Muscle group\"]}}]"
  }
},
{
  "model": "admin.logentry",
  "pk": 49,
  "fields": {
    "action_time": "2020-10-03T17:58:16.264Z",
    "user": 1,
    "content_type": 14,
    "object_id": "1",
    "object_repr": "Distance: Km",
    "action_flag": 1,
    "change_message": "[{\"added\": {}}]"
  }
},
{
  "model": "admin.logentry",
  "pk": 50,
  "fields": {
    "action_time": "2020-10-03T17:58:35.048Z",
    "user": 1,
    "content_type": 14,
    "object_id": "2",
    "object_repr": "Distance: Miles",
    "action_flag": 1,
    "change_message": "[{\"added\": {}}]"
  }
},
{
  "model": "admin.logentry",
  "pk": 51,
  "fields": {
    "action_time": "2020-10-03T17:58:56.803Z",
    "user": 1,
    "content_type": 14,
    "object_id": "3",
    "object_repr": "Repetitions: Reps",
    "action_flag": 1,
    "change_message": "[{\"added\": {}}]"
  }
},
{
  "model": "admin.logentry",
  "pk": 52,
  "fields": {
    "action_time": "2020-10-03T17:59:21.772Z",
    "user": 1,
    "content_type": 14,
    "object_id": "4",
    "object_repr": "Sets: x",
    "action_flag": 1,
    "change_message": "[{\"added\": {}}]"
  }
},
{
  "model": "admin.logentry",
  "pk": 53,
  "fields": {
    "action_time": "2020-10-03T17:59:30.567Z",
    "user": 1,
    "content_type": 14,
    "object_id": "3",
    "object_repr": "Repetitions: x",
    "action_flag": 2,
    "change_message": "[{\"changed\": {\"fields\": [\"Unit\"]}}]"
  }
},
{
  "model": "admin.logentry",
  "pk": 54,
  "fields": {
    "action_time": "2020-10-03T18:00:31.333Z",
    "user": 1,
    "content_type": 14,
    "object_id": "5",
    "object_repr": "Rounds: x",
    "action_flag": 1,
    "change_message": "[{\"added\": {}}]"
  }
},
{
  "model": "admin.logentry",
  "pk": 55,
  "fields": {
    "action_time": "2020-10-03T18:01:05.301Z",
    "user": 1,
    "content_type": 14,
    "object_id": "6",
    "object_repr": "Distance: m",
    "action_flag": 1,
    "change_message": "[{\"added\": {}}]"
  }
},
{
  "model": "admin.logentry",
  "pk": 56,
  "fields": {
    "action_time": "2020-10-03T18:01:20.743Z",
    "user": 1,
    "content_type": 14,
    "object_id": "7",
    "object_repr": "Weight: Kg",
    "action_flag": 1,
    "change_message": "[{\"added\": {}}]"
  }
},
{
  "model": "admin.logentry",
  "pk": 57,
  "fields": {
    "action_time": "2020-10-03T18:01:54.189Z",
    "user": 1,
    "content_type": 14,
    "object_id": "8",
    "object_repr": "Time: min",
    "action_flag": 1,
    "change_message": "[{\"added\": {}}]"
  }
},
{
  "model": "admin.logentry",
  "pk": 58,
  "fields": {
    "action_time": "2020-10-03T18:01:58.527Z",
    "user": 1,
    "content_type": 14,
    "object_id": "9",
    "object_repr": "Time: sec",
    "action_flag": 1,
    "change_message": "[{\"added\": {}}]"
  }
},
{
  "model": "admin.logentry",
  "pk": 59,
  "fields": {
    "action_time": "2020-10-03T18:02:18.064Z",
    "user": 1,
    "content_type": 14,
    "object_id": "10",
    "object_repr": "Time: hrs",
    "action_flag": 1,
    "change_message": "[{\"added\": {}}]"
  }
},
{
  "model": "admin.logentry",
  "pk": 60,
  "fields": {
    "action_time": "2020-10-03T18:02:46.650Z",
    "user": 1,
    "content_type": 14,
    "object_id": "2",
    "object_repr": "Distance: Mi",
    "action_flag": 2,
    "change_message": "[{\"changed\": {\"fields\": [\"Unit\"]}}]"
  }
},
{
  "model": "admin.logentry",
  "pk": 61,
  "fields": {
    "action_time": "2020-10-03T18:03:15.395Z",
    "user": 1,
    "content_type": 14,
    "object_id": "11",
    "object_repr": "Weight: Pounds",
    "action_flag": 1,
    "change_message": "[{\"added\": {}}]"
  }
},
{
  "model": "admin.logentry",
  "pk": 62,
  "fields": {
    "action_time": "2020-10-03T18:08:58.597Z",
    "user": 1,
    "content_type": 15,
    "object_id": "1",
    "object_repr": "Covid Home Workout, Pushups",
    "action_flag": 1,
    "change_message": "[{\"added\": {}}]"
  }
},
{
  "model": "admin.logentry",
  "pk": 63,
  "fields": {
    "action_time": "2020-10-03T18:09:18.561Z",
    "user": 1,
    "content_type": 15,
    "object_id": "2",
    "object_repr": "Covid Home Workout, Situps",
    "action_flag": 1,
    "change_message": "[{\"added\": {}}]"
  }
},
{
  "model": "admin.logentry",
  "pk": 64,
  "fields": {
    "action_time": "2020-10-03T18:09:34.995Z",
    "user": 1,
    "content_type": 15,
    "object_id": "3",
    "object_repr": "Covid Home Workout, Pullups",
    "action_flag": 1,
    "change_message": "[{\"added\": {}}]"
  }
},
{
  "model": "admin.logentry",
  "pk": 65,
  "fields": {
    "action_time": "2020-10-03T18:09:52.298Z",
    "user": 1,
    "content_type": 15,
    "object_id": "4",
    "object_repr": "Covid Home Workout, Bodyweight Squats",
    "action_flag": 1,
    "change_message": "[{\"added\": {}}]"
  }
},
{
  "model": "admin.logentry",
  "pk": 66,
  "fields": {
    "action_time": "2020-10-03T18:10:19.091Z",
    "user": 1,
    "content_type": 10,
    "object_id": "1",
    "object_repr": "demoadmin: Covid Home Workout",
    "action_flag": 2,
    "change_message": "[{\"changed\": {\"fields\": [\"Repetitions\"]}}]"
  }
},
{
  "model": "admin.logentry",
  "pk": 67,
  "fields": {
    "action_time": "2020-10-03T19:13:07.194Z",
    "user": 1,
    "content_type": 10,
    "object_id": "1",
    "object_repr": "demoadmin: Covid Home Workout",
    "action_flag": 2,
    "change_message": "[{\"changed\": {\"fields\": [\"Likes\", \"Dislikes\"]}}]"
  }
},
{
  "model": "admin.logentry",
  "pk": 68,
  "fields": {
    "action_time": "2020-10-03T19:38:35.586Z",
    "user": 1,
    "content_type": 22,
    "object_id": "1",
    "object_repr": "demoadminDoesn't know if he likes Covid Home Workout",
    "action_flag": 3,
    "change_message": ""
  }
},
{
  "model": "admin.logentry",
  "pk": 69,
  "fields": {
    "action_time": "2020-10-03T19:40:15.089Z",
    "user": 1,
    "content_type": 22,
    "object_id": "2",
    "object_repr": "demoadminDoesn't know if he likes Covid Home Workout",
    "action_flag": 3,
    "change_message": ""
  }
},
{
  "model": "admin.logentry",
  "pk": 70,
  "fields": {
    "action_time": "2020-10-03T23:29:17.472Z",
    "user": 1,
    "content_type": 10,
    "object_id": "1",
    "object_repr": "demoadmin: Covid Home Workout",
    "action_flag": 2,
    "change_message": "[{\"changed\": {\"fields\": [\"Short description\"]}}]"
  }
},
{
  "model": "admin.logentry",
  "pk": 71,
  "fields": {
    "action_time": "2020-10-03T23:35:24.677Z",
    "user": 1,
    "content_type": 10,
    "object_id": "1",
    "object_repr": "demoadmin: Covid Home Workout",
    "action_flag": 2,
    "change_message": "[{\"changed\": {\"fields\": [\"Workout goal\"]}}]"
  }
},
{
  "model": "admin.logentry",
  "pk": 72,
  "fields": {
    "action_time": "2020-10-03T23:54:49.032Z",
    "user": 1,
    "content_type": 10,
    "object_id": "2",
    "object_repr": "System: Running Champion",
    "action_flag": 1,
    "change_message": "[{\"added\": {}}]"
  }
},
{
  "model": "admin.logentry",
  "pk": 73,
  "fields": {
    "action_time": "2020-10-03T23:57:57.882Z",
    "user": 1,
    "content_type": 12,
    "object_id": "2",
    "object_repr": "Running shoes",
    "action_flag": 1,
    "change_message": "[{\"added\": {}}]"
  }
},
{
  "model": "admin.logentry",
  "pk": 74,
  "fields": {
    "action_time": "2020-10-03T23:58:16.851Z",
    "user": 1,
    "content_type": 13,
    "object_id": "5",
    "object_repr": "System's exercise: 3K Run",
    "action_flag": 1,
    "change_message": "[{\"added\": {}}]"
  }
},
{
  "model": "admin.logentry",
  "pk": 75,
  "fields": {
    "action_time": "2020-10-04T00:00:17.998Z",
    "user": 1,
    "content_type": 10,
    "object_id": "3",
    "object_repr": "demoadmin: 3K Every Day!",
    "action_flag": 1,
    "change_message": "[{\"added\": {}}]"
  }
},
{
  "model": "admin.logentry",
  "pk": 76,
  "fields": {
    "action_time": "2020-10-04T14:11:54.259Z",
    "user": 1,
    "content_type": 15,
    "object_id": "5",
    "object_repr": "dfgasdfg, Bodyweight Squats",
    "action_flag": 3,
    "change_message": ""
  }
},
{
  "model": "admin.logentry",
  "pk": 77,
  "fields": {
    "action_time": "2020-10-04T14:12:03.509Z",
    "user": 1,
    "content_type": 10,
    "object_id": "9",
    "object_repr": "demoadmin: dfgasdfg",
    "action_flag": 3,
    "change_message": ""
  }
},
{
  "model": "admin.logentry",
  "pk": 78,
  "fields": {
    "action_time": "2020-10-04T14:12:03.515Z",
    "user": 1,
    "content_type": 10,
    "object_id": "8",
    "object_repr": "demoadmin: SADFSAF",
    "action_flag": 3,
    "change_message": ""
  }
},
{
  "model": "admin.logentry",
  "pk": 79,
  "fields": {
    "action_time": "2020-10-04T14:12:03.521Z",
    "user": 1,
    "content_type": 10,
    "object_id": "7",
    "object_repr": "demoadmin: gasdfgadsfgsadASDh",
    "action_flag": 3,
    "change_message": ""
  }
},
{
  "model": "admin.logentry",
  "pk": 80,
  "fields": {
    "action_time": "2020-10-04T14:12:03.526Z",
    "user": 1,
    "content_type": 10,
    "object_id": "6",
    "object_repr": "demoadmin: asdfdasf",
    "action_flag": 3,
    "change_message": ""
  }
},
{
  "model": "admin.logentry",
  "pk": 81,
  "fields": {
    "action_time": "2020-10-04T14:12:13.648Z",
    "user": 1,
    "content_type": 13,
    "object_id": "6",
    "object_repr": "demoadmin's exercise: Test Exercise",
    "action_flag": 3,
    "change_message": ""
  }
},
{
  "model": "admin.logentry",
  "pk": 82,
  "fields": {
    "action_time": "2020-10-18T18:26:51.219Z",
    "user": 1,
    "content_type": 4,
    "object_id": "3",
    "object_repr": "demouser",
    "action_flag": 1,
    "change_message": "[{\"added\": {}}]"
  }
},
{
  "model": "admin.logentry",
  "pk": 83,
  "fields": {
    "action_time": "2020-10-18T18:27:11.867Z",
    "user": 1,
    "content_type": 4,
    "object_id": "3",
    "object_repr": "demouser",
    "action_flag": 2,
    "change_message": "[{\"changed\": {\"fields\": [\"First name\", \"Last name\", \"Email address\"]}}]"
  }
},
{
  "model": "admin.logentry",
  "pk": 84,
  "fields": {
    "action_time": "2020-10-18T18:39:44.271Z",
    "user": 1,
    "content_type": 15,
    "object_id": "6",
    "object_repr": "demouser: Run like the wind",
    "action_flag": 1,
    "change_message": "[{\"added\": {}}]"
  }
},
{
  "model": "admin.logentry",
  "pk": 85,
  "fields": {
    "action_time": "2020-10-18T19:22:14.327Z",
    "user": 1,
    "content_type": 12,
    "object_id": "3",
    "object_repr": "Bench press",
    "action_flag": 1,
    "change_message": "[{\"added\": {}}]"
  }
},
{
  "model": "admin.logentry",
  "pk": 86,
  "fields": {
    "action_time": "2020-10-18T19:22:32.409Z",
    "user": 1,
    "content_type": 12,
    "object_id": "3",
    "object_repr": "Bench press",
    "action_flag": 2,
    "change_message": "[{\"changed\": {\"fields\": [\"Image\"]}}]"
  }
},
{
  "model": "admin.logentry",
  "pk": 87,
  "fields": {
    "action_time": "2020-10-18T19:22:53.976Z",
    "user": 1,
    "content_type": 13,
    "object_id": "6",
    "object_repr": "demouser's exercise: Bench Press",
    "action_flag": 1,
    "change_message": "[{\"added\": {}}]"
  }
},
{
  "model": "admin.logentry",
  "pk": 88,
  "fields": {
    "action_time": "2020-10-18T19:24:49.472Z",
    "user": 1,
    "content_type": 13,
    "object_id": "7",
    "object_repr": "demouser's exercise: Hamstring Killer",
    "action_flag": 1,
    "change_message": "[{\"added\": {}}]"
  }
},
{
  "model": "admin.logentry",
  "pk": 89,
  "fields": {
    "action_time": "2020-10-18T19:26:56.126Z",
    "user": 1,
    "content_type": 18,
    "object_id": "13",
    "object_repr": "Entire Body",
    "action_flag": 1,
    "change_message": "[{\"added\": {}}]"
  }
},
{
  "model": "admin.logentry",
  "pk": 90,
  "fields": {
    "action_time": "2020-10-18T19:27:05.385Z",
    "user": 1,
    "content_type": 13,
    "object_id": "8",
    "object_repr": "demouser's exercise: Army Burpees",
    "action_flag": 1,
    "change_message": "[{\"added\": {}}]"
  }
},
{
  "model": "admin.logentry",
  "pk": 91,
  "fields": {
    "action_time": "2020-10-18T19:28:45.881Z",
    "user": 1,
    "content_type": 15,
    "object_id": "5",
    "object_repr": "demoadmin: Test workout",
    "action_flag": 3,
    "change_message": ""
  }
},
{
  "model": "admin.logentry",
  "pk": 92,
  "fields": {
    "action_time": "2020-10-18T19:29:07.317Z",
    "user": 1,
    "content_type": 11,
    "object_id": "5",
    "object_repr": "Fun activities",
    "action_flag": 1,
    "change_message": "[{\"added\": {}}]"
  }
},
{
  "model": "admin.logentry",
  "pk": 93,
  "fields": {
    "action_time": "2020-10-18T19:31:17.592Z",
    "user": 1,
    "content_type": 15,
    "object_id": "7",
    "object_repr": "demouser: Home Eviction",
    "action_flag": 1,
    "change_message": "[{\"added\": {}}]"
  }
},
{
  "model": "admin.logentry",
  "pk": 94,
  "fields": {
    "action_time": "2020-10-18T19:32:12.366Z",
    "user": 1,
    "content_type": 13,
    "object_id": "9",
    "object_repr": "demouser's exercise: Run around the house",
    "action_flag": 1,
    "change_message": "[{\"added\": {}}]"
  }
},
{
  "model": "admin.logentry",
  "pk": 95,
  "fields": {
    "action_time": "2020-10-18T19:33:00.053Z",
    "user": 1,
    "content_type": 13,
    "object_id": "10",
    "object_repr": "demouser's exercise: Frog jump",
    "action_flag": 1,
    "change_message": "[{\"added\": {}}]"
  }
},
{
  "model": "admin.logentry",
  "pk": 96,
  "fields": {
    "action_time": "2020-10-18T19:33:40.537Z",
    "user": 1,
    "content_type": 16,
    "object_id": "5",
    "object_repr": "Home Eviction, Frog jump",
    "action_flag": 1,
    "change_message": "[{\"added\": {}}]"
  }
},
{
  "model": "admin.logentry",
  "pk": 97,
  "fields": {
    "action_time": "2020-10-18T19:34:23.840Z",
    "user": 1,
    "content_type": 16,
    "object_id": "6",
    "object_repr": "Home Eviction, Frog jump",
    "action_flag": 1,
    "change_message": "[{\"added\": {}}]"
  }
},
{
  "model": "admin.logentry",
  "pk": 98,
  "fields": {
    "action_time": "2020-10-18T19:34:53.412Z",
    "user": 1,
    "content_type": 15,
    "object_id": "4",
    "object_repr": "demoadmin: Time",
    "action_flag": 3,
    "change_message": ""
  }
},
{
  "model": "admin.logentry",
  "pk": 99,
  "fields": {
    "action_time": "2020-10-18T19:36:35.770Z",
    "user": 1,
    "content_type": 18,
    "object_id": "14",
    "object_repr": "Lower Body",
    "action_flag": 1,
    "change_message": "[{\"added\": {}}]"
  }
},
{
  "model": "admin.logentry",
  "pk": 100,
  "fields": {
    "action_time": "2020-10-18T19:36:41.779Z",
    "user": 1,
    "content_type": 18,
    "object_id": "15",
    "object_repr": "Upper Body",
    "action_flag": 1,
    "change_message": "[{\"added\": {}}]"
  }
},
{
  "model": "admin.logentry",
  "pk": 101,
  "fields": {
    "action_time": "2020-10-18T19:36:57.978Z",
    "user": 1,
    "content_type": 13,
    "object_id": "10",
    "object_repr": "demouser's exercise: Frog jump",
    "action_flag": 2,
    "change_message": "[{\"changed\": {\"fields\": [\"Muscle group\"]}}]"
  }
},
{
  "model": "admin.logentry",
  "pk": 102,
  "fields": {
    "action_time": "2020-10-18T20:02:22.192Z",
    "user": 1,
    "content_type": 7,
    "object_id": "3",
    "object_repr": "demouser",
    "action_flag": 1,
    "change_message": "[{\"added\": {}}]"
  }
},
{
  "model": "admin.logentry",
  "pk": 103,
  "fields": {
    "action_time": "2020-10-18T20:06:38.355Z",
    "user": 1,
    "content_type": 9,
    "object_id": "1",
    "object_repr": "demouser",
    "action_flag": 1,
    "change_message": "[{\"added\": {}}]"
  }
},
{
  "model": "admin.logentry",
  "pk": 104,
  "fields": {
    "action_time": "2020-10-18T20:08:16.027Z",
    "user": 1,
    "content_type": 21,
    "object_id": "3",
    "object_repr": "demouser: 26950",
    "action_flag": 1,
    "change_message": "[{\"added\": {}}]"
  }
},
{
  "model": "auth.user",
  "pk": 1,
  "fields": {
    "password": "pbkdf2_sha256$216000$J4oJeScBbRXC$9nPyDuF3Zx8UwqXh9sDHXyanBLMnnGnYD9938JcY974=",
    "last_login": "2020-10-18T20:08:02.975Z",
    "is_superuser": true,
    "username": "demoadmin",
    "first_name": "",
    "last_name": "",
    "email": "demoadmin@gmail.com",
    "is_staff": true,
    "is_active": true,
    "date_joined": "2020-09-20T15:00:42.451Z",
    "groups": [],
    "user_permissions": []
  }
},
{
  "model": "auth.user",
  "pk": 2,
  "fields": {
    "password": "pbkdf2_sha256$216000$QK3GTRN7C8ci$9gUI66PGc3/11mUruKvVP3hl3X2W4ml2/sqJCZtVV6c=",
    "last_login": null,
    "is_superuser": false,
    "username": "System",
    "first_name": "",
    "last_name": "",
    "email": "",
    "is_staff": false,
    "is_active": true,
    "date_joined": "2020-09-29T19:57:52.724Z",
    "groups": [],
    "user_permissions": []
  }
},
{
  "model": "auth.user",
  "pk": 3,
  "fields": {
    "password": "pbkdf2_sha256$216000$aty2zBDmkXIN$vhxIdfiUCkSGqNTJO3dGkNC3ADOC4u0B/kZXZ5tYcQg=",
    "last_login": "2020-10-18T20:08:40.112Z",
    "is_superuser": false,
    "username": "demouser",
    "first_name": "Demo",
    "last_name": "User",
    "email": "demouser@demo.com",
    "is_staff": false,
    "is_active": true,
    "date_joined": "2020-10-18T18:26:51Z",
    "groups": [],
    "user_permissions": []
  }
},
{
  "model": "user.userinfo",
  "pk": 1,
  "fields": {
    "user": 1,
    "slug": "demoadmin",
    "firstName": "Demo",
    "lastName": "Admin",
    "age": 25,
    "image": "https://www.vhv.rs/dpng/d/256-2569650_men-profile-icon-png-image-free-download-searchpng.png",
    "CreatedAt": "2020-09-20T21:15:24.141Z",
    "friends": []
  }
},
{
  "model": "user.userinfo",
  "pk": 2,
  "fields": {
    "user": 2,
    "slug": "System",
    "firstName": "Fit",
    "lastName": "Connect",
    "age": 0,
    "image": "https://www.vhv.rs/dpng/d/256-2569650_men-profile-icon-png-image-free-download-searchpng.png",
    "CreatedAt": "2020-09-29T19:58:57.082Z",
    "friends": []
  }
},
{
  "model": "user.userinfo",
  "pk": 3,
  "fields": {
    "user": 3,
    "slug": "demouser",
    "firstName": "Demo",
    "lastName": "User",
    "age": 20,
    "image": "https://www.vhv.rs/dpng/d/256-2569650_men-profile-icon-png-image-free-download-searchpng.png",
    "CreatedAt": "2020-10-18T20:02:22.190Z",
    "friends": [
      1
    ]
  }
},
{
  "model": "user.follow",
  "pk": 1,
  "fields": {
    "Username": 3,
    "Following": 1,
    "FollowedAt": "2020-10-18T20:06:38.354Z"
  }
},
{
  "model": "workout.category",
  "pk": 1,
  "fields": {
    "Name": "Running"
  }
},
{
  "model": "workout.category",
  "pk": 2,
  "fields": {
    "Name": "Bodyweight"
  }
},
{
  "model": "workout.category",
  "pk": 3,
  "fields": {
    "Name": "Bodybuilding"
  }
},
{
  "model": "workout.category",
  "pk": 4,
  "fields": {
    "Name": "Powerlifting"
  }
},
{
  "model": "workout.category",
  "pk": 5,
  "fields": {
    "Name": "Fun activities"
  }
},
{
  "model": "workout.workout",
  "pk": 1,
  "fields": {
    "User": 1,
    "Category": 2,
    "short_description": "This workout will help you get through covid in shape! No gym, no problem!",
    "Name": "Covid Home Workout",
    "CreatedAt": "2020-10-04T12:11:43.490Z",
    "workout_goal": "Overall Fitness",
    "Image": "https://www.vhv.rs/dpng/d/256-2569650_men-profile-icon-png-image-free-download-searchpng.png",
    "Likes": 0,
    "Dislikes": 0,
    "Public": true,
    "Has_Liked": false,
    "Has_Disliked": false,
    "Repetitions": 3,
    "time_passed": "1 Day ago"
  }
},
{
  "model": "workout.workout",
  "pk": 2,
  "fields": {
    "User": 2,
    "Category": 1,
    "short_description": "Forest Gump wont stand a chance!\r\nIn one month, you will be a running champion.",
    "Name": "Running Champion",
    "CreatedAt": "2020-10-04T12:11:43.490Z",
    "workout_goal": "Running Condition",
    "Image": "https://www.vhv.rs/dpng/d/256-2569650_men-profile-icon-png-image-free-download-searchpng.png",
    "Likes": 0,
    "Dislikes": 0,
    "Public": true,
    "Has_Liked": false,
    "Has_Disliked": false,
    "Repetitions": 1,
    "time_passed": "1 Day ago"
  }
},
{
  "model": "workout.workout",
  "pk": 3,
  "fields": {
    "User": 1,
    "Category": 1,
    "short_description": "What's the best way to get better at running 3k? By running a 3k!",
    "Name": "3K Every Day!",
    "CreatedAt": "2020-10-04T12:11:43.490Z",
    "workout_goal": "3K pace",
    "Image": "https://post.healthline.com/wp-content/uploads/2020/01/Runner-training-on-running-track-1200x628-facebook.jpg",
    "Likes": 0,
    "Dislikes": 0,
    "Public": true,
    "Has_Liked": false,
    "Has_Disliked": false,
    "Repetitions": 1,
    "time_passed": "1 Day ago"
  }
},
{
  "model": "workout.workout",
  "pk": 6,
  "fields": {
    "User": 3,
    "Category": 1,
    "short_description": "Run baby!",
    "Name": "Run like the wind",
    "CreatedAt": "2020-10-18T18:39:44.270Z",
    "workout_goal": "Running far",
    "Image": "https://www.vhv.rs/dpng/d/256-2569650_men-profile-icon-png-image-free-download-searchpng.png",
    "Likes": 0,
    "Dislikes": 0,
    "Public": true,
    "Has_Liked": false,
    "Has_Disliked": false,
    "Repetitions": 1,
    "time_passed": "1 Day ago"
  }
},
{
  "model": "workout.workout",
  "pk": 7,
  "fields": {
    "User": 3,
    "Category": 5,
    "short_description": "Run 10 circles around your house and do exercises in between each round.",
    "Name": "Home Eviction",
    "CreatedAt": "2020-10-18T19:31:17.591Z",
    "workout_goal": "Overall fitness and wellness",
    "Image": "data:image/jpeg;base64,/9j/4AAQSkZJRgABAQAAAQABAAD/2wCEAAkGBxISEhUSExIWFhUXFRgXFhcYGBgYFRgWFxYXFxUXFhgYHSggGBolGxUXITEhJSkrLi4uGB8zODMtNygtLysBCgoKDg0OGxAQGy0lHyUtLS0tLS0tLS0tLS8tLS0tLSstLS0tLS0tLS0tLS0tLS0tLS0rLS0tLS0tLS0tLS0tLf/AABEIAKgBLAMBIgACEQE",
    "Likes": 0,
    "Dislikes": 0,
    "Public": false,
    "Has_Liked": false,
    "Has_Disliked": false,
    "Repetitions": 1,
    "time_passed": "1 Day ago"
  }
},
{
  "model": "workout.equipment",
  "pk": 1,
  "fields": {
    "Name": "Dumbbells",
    "Description": "Handheld weights",
    "Image": "https://cdn2.coachmag.co.uk/sites/coachmag/files/shutterstock_151938761.jpg"
  }
},
{
  "model": "workout.equipment",
  "pk": 2,
  "fields": {
    "Name": "Running shoes",
    "Description": "A pair of good running shoes!",
    "Image": "https://www.rei.com/dam/content_team_010818_52427_htc_running_shoes_hero2_lg.jpg"
  }
},
{
  "model": "workout.equipment",
  "pk": 3,
  "fields": {
    "Name": "Bench press",
    "Description": "Bench press equipment",
    "Image": "https://www.topendsports.com/fitness/images/bench-press.gif"
  }
},
{
  "model": "workout.musclegroup",
  "pk": 1,
  "fields": {
    "name": "Back"
  }
},
{
  "model": "workout.musclegroup",
  "pk": 2,
  "fields": {
    "name": "Triceps"
  }
},
{
  "model": "workout.musclegroup",
  "pk": 3,
  "fields": {
    "name": "Legs"
  }
},
{
  "model": "workout.musclegroup",
  "pk": 4,
  "fields": {
    "name": "Butt"
  }
},
{
  "model": "workout.musclegroup",
  "pk": 5,
  "fields": {
    "name": "Biceps"
  }
},
{
  "model": "workout.musclegroup",
  "pk": 6,
  "fields": {
    "name": "Arms"
  }
},
{
  "model": "workout.musclegroup",
  "pk": 7,
  "fields": {
    "name": "Chest"
  }
},
{
  "model": "workout.musclegroup",
  "pk": 8,
  "fields": {
    "name": "Calves"
  }
},
{
  "model": "workout.musclegroup",
  "pk": 9,
  "fields": {
    "name": "Forearm"
  }
},
{
  "model": "workout.musclegroup",
  "pk": 10,
  "fields": {
    "name": "Back & Biceps"
  }
},
{
  "model": "workout.musclegroup",
  "pk": 11,
  "fields": {
    "name": "Chest & Triceps"
  }
},
{
  "model": "workout.musclegroup",
  "pk": 12,
  "fields": {
    "name": "Abs"
  }
},
{
  "model": "workout.musclegroup",
  "pk": 13,
  "fields": {
    "name": "Entire Body"
  }
},
{
  "model": "workout.musclegroup",
  "pk": 14,
  "fields": {
    "name": "Lower Body"
  }
},
{
  "model": "workout.musclegroup",
  "pk": 15,
  "fields": {
    "name": "Upper Body"
  }
},
{
  "model": "workout.exercise",
  "pk": 1,
  "fields": {
    "Title": "Pushups",
    "Creator": 1,
    "CreatedAt": "2020-10-18T19:11:58.024Z",
    "Description": "STEPS: Get down on all fours, placing your hands slightly wider than your shoulders. Straighten your arms and legs. Lower your body until your chest nearly touches the floor. Pause, then push yourself back up. Repeat.",
    "Image": "https://hips.hearstapps.com/hmg-prod.s3.amazonaws.com/images/basic-pushup-0-1446644701.jpg",
    "Equipment": null,
    "Public": true,
    "muscle_group": 11,
    "Likes": 0,
    "Dislikes": 0,
    "Has_Liked": false,
    "Has_Disliked": false,
    "time_passed": "1 Day ago"
  }
},
{
  "model": "workout.exercise",
  "pk": 2,
  "fields": {
    "Title": "Situps",
    "Creator": 2,
    "CreatedAt": "2020-10-18T19:11:58.024Z",
    "Description": "Lie down on your back, keep your knees bent and your back and feet flat on the mat. Slowly lift your torso and sit up. Return to the starting position by rolling down one vertebrae at a time. Repeat the exercise until set is complete. PROPER FORM AND",
    "Image": "https://www.onefitstop.com/community/wp-content/uploads/2017/06/goodform_l-400x400.jpg",
    "Equipment": null,
    "Public": true,
    "muscle_group": 12,
    "Likes": 0,
    "Dislikes": 0,
    "Has_Liked": false,
    "Has_Disliked": false,
    "time_passed": "1 Day ago"
  }
},
{
  "model": "workout.exercise",
  "pk": 3,
  "fields": {
    "Title": "Pullups",
    "Creator": 2,
    "CreatedAt": "2020-10-18T19:11:58.024Z",
    "Description": "A pull-up is an upper-body strength exercise.",
    "Image": "https://www.vhv.rs/dpng/d/256-2569650_men-profile-icon-png-image-free-download-searchpng.png",
    "Equipment": null,
    "Public": true,
    "muscle_group": 10,
    "Likes": 0,
    "Dislikes": 0,
    "Has_Liked": false,
    "Has_Disliked": false,
    "time_passed": "1 Day ago"
  }
},
{
  "model": "workout.exercise",
  "pk": 4,
  "fields": {
    "Title": "Bodyweight Squats",
    "Creator": 2,
    "CreatedAt": "2020-10-18T19:11:58.024Z",
    "Description": "Squat like a champ.",
    "Image": "https://upload.wikimedia.org/wikipedia/commons/thumb/8/82/Squats.svg/1200px-Squats.svg.png",
    "Equipment": null,
    "Public": true,
    "muscle_group": 3,
    "Likes": 0,
    "Dislikes": 0,
    "Has_Liked": false,
    "Has_Disliked": false,
    "time_passed": "1 Day ago"
  }
},
{
  "model": "workout.exercise",
  "pk": 5,
  "fields": {
    "Title": "3K Run",
    "Creator": 2,
    "CreatedAt": "2020-10-18T19:11:58.024Z",
    "Description": "Run 3km as fast as you can while timing yourself!",
    "Image": "https://post.healthline.com/wp-content/uploads/2020/01/Runner-training-on-running-track-1200x628-facebook.jpg",
    "Equipment": 2,
    "Public": true,
    "muscle_group": null,
    "Likes": 0,
    "Dislikes": 0,
    "Has_Liked": false,
    "Has_Disliked": false,
    "time_passed": "1 Day ago"
  }
},
{
  "model": "workout.exercise",
  "pk": 6,
  "fields": {
    "Title": "Bench Press",
    "Creator": 3,
    "CreatedAt": "2020-10-18T19:22:53.975Z",
    "Description": "1.Lie Down. Sit at the end of your flat bench first. ...\r\n2.Squeeze Your Shoulder-blades. Raise your chest and tighten your upper-back. ...\r\n3.Grab The Bar. Pinky inside the ring marks. ...\r\n4.Set Your Feet. Feet flat on the floor using a shoulder-width stance. ...\r\n5.Unrack.",
    "Image": "https://www.topendsports.com/fitness/images/bench-press.gif",
    "Equipment": 3,
    "Public": true,
    "muscle_group": 11,
    "Likes": 0,
    "Dislikes": 0,
    "Has_Liked": false,
    "Has_Disliked": false,
    "time_passed": "1 Day ago"
  }
},
{
  "model": "workout.exercise",
  "pk": 7,
  "fields": {
    "Title": "Hamstring Killer",
    "Creator": 3,
    "CreatedAt": "2020-10-18T19:24:49.471Z",
    "Description": "1.Cut off your hamstrings\r\n2.Bleed to death",
    "Image": "https://www.vhv.rs/dpng/d/256-2569650_men-profile-icon-png-image-free-download-searchpng.png",
    "Equipment": null,
    "Public": false,
    "muscle_group": 3,
    "Likes": 0,
    "Dislikes": 0,
    "Has_Liked": false,
    "Has_Disliked": false,
    "time_passed": "1 Day ago"
  }
},
{
  "model": "workout.exercise",
  "pk": 8,
  "fields": {
    "Title": "Army Burpees",
    "Creator": 3,
    "CreatedAt": "2020-10-18T19:27:05.384Z",
    "Description": "Just calling it army because I think its cooler than normal burpees.",
    "Image": "https://www.vhv.rs/dpng/d/256-2569650_men-profile-icon-png-image-free-download-searchpng.png",
    "Equipment": null,
    "Public": true,
    "muscle_group": 13,
    "Likes": 0,
    "Dislikes": 0,
    "Has_Liked": false,
    "Has_Disliked": false,
    "time_passed": "1 Day ago"
  }
},
{
  "model": "workout.exercise",
  "pk": 9,
  "fields": {
    "Title": "Run around the house",
    "Creator": 3,
    "CreatedAt": "2020-10-18T19:32:12.365Z",
    "Description": "Run around your house.",
    "Image": "https://www.vhv.rs/dpng/d/256-2569650_men-profile-icon-png-image-free-download-searchpng.png",
    "Equipment": null,
    "Public": false,
    "muscle_group": 3,
    "Likes": 0,
    "Dislikes": 0,
    "Has_Liked": false,
    "Has_Disliked": false,
    "time_passed": "1 Day ago"
  }
},
{
  "model": "workout.exercise",
  "pk": 10,
  "fields": {
    "Title": "Frog jump",
    "Creator": 3,
    "CreatedAt": "2020-10-18T19:36:57.977Z",
    "Description": "Do a frog jump!",
    "Image": "https://www.spotebi.com/wp-content/uploads/2015/01/frog-jumps-exercise-illustration.jpg",
    "Equipment": null,
    "Public": false,
    "muscle_group": 14,
    "Likes": 0,
    "Dislikes": 0,
    "Has_Liked": false,
    "Has_Disliked": false,
    "time_passed": "1 Day ago"
  }
},
{
  "model": "workout.unittype",
  "pk": 1,
  "fields": {
    "Name": "Distance",
    "Unit": "Km"
  }
},
{
  "model": "workout.unittype",
  "pk": 2,
  "fields": {
    "Name": "Distance",
    "Unit": "Mi"
  }
},
{
  "model": "workout.unittype",
  "pk": 3,
  "fields": {
    "Name": "Repetitions",
    "Unit": "x"
  }
},
{
  "model": "workout.unittype",
  "pk": 4,
  "fields": {
    "Name": "Sets",
    "Unit": "x"
  }
},
{
  "model": "workout.unittype",
  "pk": 5,
  "fields": {
    "Name": "Rounds",
    "Unit": "x"
  }
},
{
  "model": "workout.unittype",
  "pk": 6,
  "fields": {
    "Name": "Distance",
    "Unit": "m"
  }
},
{
  "model": "workout.unittype",
  "pk": 7,
  "fields": {
    "Name": "Weight",
    "Unit": "Kg"
  }
},
{
  "model": "workout.unittype",
  "pk": 8,
  "fields": {
    "Name": "Time",
    "Unit": "min"
  }
},
{
  "model": "workout.unittype",
  "pk": 9,
  "fields": {
    "Name": "Time",
    "Unit": "sec"
  }
},
{
  "model": "workout.unittype",
  "pk": 10,
  "fields": {
    "Name": "Time",
    "Unit": "hrs"
  }
},
{
  "model": "workout.unittype",
  "pk": 11,
  "fields": {
    "Name": "Weight",
    "Unit": "Pounds"
  }
},
{
  "model": "workout.workoutmanager",
  "pk": 1,
  "fields": {
    "Workout": 1,
    "Exercise": 1,
    "Unit": 3,
    "Quantity": 25
  }
},
{
  "model": "workout.workoutmanager",
  "pk": 2,
  "fields": {
    "Workout": 1,
    "Exercise": 2,
    "Unit": 3,
    "Quantity": 25
  }
},
{
  "model": "workout.workoutmanager",
  "pk": 3,
  "fields": {
    "Workout": 1,
    "Exercise": 3,
    "Unit": 3,
    "Quantity": 10
  }
},
{
  "model": "workout.workoutmanager",
  "pk": 4,
  "fields": {
    "Workout": 1,
    "Exercise": 4,
    "Unit": 4,
    "Quantity": 50
  }
},
{
  "model": "workout.workoutmanager",
  "pk": 5,
  "fields": {
    "Workout": 7,
    "Exercise": 10,
    "Unit": 5,
    "Quantity": 1
  }
},
{
  "model": "workout.workoutmanager",
  "pk": 6,
  "fields": {
    "Workout": 7,
    "Exercise": 10,
    "Unit": 4,
    "Quantity": 15
  }
},
{
  "model": "workout.exerciserating",
  "pk": 1,
  "fields": {
    "Judge": 1,
    "Exercise": 1,
    "SubmittedAt": "2020-10-18T19:07:27.867Z",
    "Rating": -1
  }
},
{
  "model": "workout.exerciserating",
  "pk": 2,
  "fields": {
    "Judge": 1,
    "Exercise": 2,
    "SubmittedAt": "2020-10-03T19:41:59.384Z",
    "Rating": 1
  }
},
{
  "model": "workout.exerciserating",
  "pk": 3,
  "fields": {
    "Judge": 1,
    "Exercise": 3,
    "SubmittedAt": "2020-10-03T17:45:45.971Z",
    "Rating": 1
  }
},
{
  "model": "workout.exerciserating",
  "pk": 4,
  "fields": {
    "Judge": 1,
    "Exercise": 4,
    "SubmittedAt": "2020-10-03T17:12:09.907Z",
    "Rating": 1
  }
},
{
  "model": "workout.exerciserating",
  "pk": 5,
  "fields": {
    "Judge": 3,
    "Exercise": 1,
    "SubmittedAt": "2020-10-18T19:07:46.964Z",
    "Rating": -1
  }
},
{
  "model": "workout.exerciserating",
  "pk": 6,
  "fields": {
    "Judge": 3,
    "Exercise": 2,
    "SubmittedAt": "2020-10-18T19:07:49.915Z",
    "Rating": 1
  }
},
{
  "model": "workout.exerciserating",
  "pk": 7,
  "fields": {
    "Judge": 3,
    "Exercise": 8,
    "SubmittedAt": "2020-10-18T19:35:53.511Z",
    "Rating": 1
  }
},
{
  "model": "workout.exerciserating",
  "pk": 8,
  "fields": {
    "Judge": 3,
    "Exercise": 6,
    "SubmittedAt": "2020-10-18T19:35:55.291Z",
    "Rating": 1
  }
},
{
  "model": "workout.workoutrating",
  "pk": 3,
  "fields": {
    "Judge": 1,
    "Workout": 1,
    "SubmittedAt": "2020-10-18T19:39:58.486Z",
    "Rating": -1
  }
},
{
  "model": "workout.workoutrating",
  "pk": 4,
  "fields": {
    "Judge": 1,
    "Workout": 2,
    "SubmittedAt": "2020-10-17T21:56:32.156Z",
    "Rating": -1
  }
},
{
  "model": "workout.workoutrating",
  "pk": 5,
  "fields": {
    "Judge": 1,
    "Workout": 3,
    "SubmittedAt": "2020-10-18T18:25:03.845Z",
    "Rating": -1
  }
},
{
  "model": "workout.workoutrating",
  "pk": 8,
  "fields": {
    "Judge": 3,
    "Workout": 2,
    "SubmittedAt": "2020-10-18T18:27:36.571Z",
    "Rating": 1
  }
},
{
  "model": "workout.workoutrating",
  "pk": 10,
  "fields": {
    "Judge": 3,
    "Workout": 1,
    "SubmittedAt": "2020-10-18T19:39:31.826Z",
    "Rating": 1
  }
},
{
  "model": "workout.workoutrating",
  "pk": 11,
  "fields": {
    "Judge": 1,
    "Workout": 6,
    "SubmittedAt": "2020-10-18T19:40:00.040Z",
    "Rating": 1
  }
},
{
  "model": "workout.workoutrating",
  "pk": 12,
  "fields": {
    "Judge": 3,
    "Workout": 6,
    "SubmittedAt": "2020-10-18T19:40:23.308Z",
    "Rating": 1
  }
},
{
  "model": "workout.workoutrating",
  "pk": 13,
  "fields": {
    "Judge": 3,
    "Workout": 3,
    "SubmittedAt": "2020-10-18T19:46:45.675Z",
    "Rating": -1
  }
},
{
  "model": "wallet.wallet",
  "pk": 1,
  "fields": {
    "user": 1,
    "fitcoin": 5000
  }
},
{
  "model": "wallet.wallet",
  "pk": 2,
  "fields": {
    "user": 2,
    "fitcoin": 0
  }
},
{
  "model": "wallet.wallet",
  "pk": 3,
  "fields": {
    "user": 3,
    "fitcoin": 36950
  }
},
{
  "model": "payment.product",
  "pk": 1,
  "fields": {
    "fitcoins": 1500
  }
},
{
  "model": "payment.product",
  "pk": 2,
  "fields": {
    "fitcoins": 3500
  }
},
{
  "model": "payment.product",
  "pk": 3,
  "fields": {
    "fitcoins": 5000
  }
},
{
  "model": "payment.product",
  "pk": 4,
  "fields": {
    "fitcoins": 10000
  }
},
{
  "model": "payment.order",
  "pk": 1,
  "fields": {
    "product": 3,
    "customer": 1,
    "price": 100.0,
    "date": "2020-09-21T00:07:19.059Z"
  }
},
{
  "model": "payment.order",
  "pk": 2,
  "fields": {
    "product": 4,
    "customer": 3,
    "price": 200.0,
    "date": "2020-10-18T20:19:12.155Z"
  }
}
]
